<?xml version="1.0" encoding="UTF-8"?>
<jcr:root xmlns:sling="http://sling.apache.org/jcr/sling/1.0" xmlns:cq="http://www.day.com/jcr/cq/1.0" xmlns:jcr="http://www.jcp.org/jcr/1.0" xmlns:nt="http://www.jcp.org/jcr/nt/1.0"
    jcr:primaryType="nt:unstructured"
    jcr:title="Title"
    sling:resourceType="cq/gui/components/authoring/dialog"
    helpPath="https://www.adobe.com/go/aem6_3_docs_component_en#Title - HTL">
    <content
        jcr:primaryType="nt:unstructured"
        sling:resourceType="granite/ui/components/foundation/container">
        <layout
            jcr:primaryType="nt:unstructured"
            sling:resourceType="granite/ui/components/foundation/layouts/fixedcolumns"
            margin="{Boolean}false"/>
        <items jcr:primaryType="nt:unstructured">
            <column
                jcr:primaryType="nt:unstructured"
                sling:resourceType="granite/ui/components/foundation/container">
                <items jcr:primaryType="nt:unstructured">
                    <name
                        jcr:primaryType="nt:unstructured"
                        sling:resourceType="granite/ui/components/coral/foundation/form/textfield"
                        fieldLabel="Name"
                        name="./name"
                        required="{Boolean}true"/>
                    <type
                        jcr:primaryType="nt:unstructured"
                        sling:resourceType="granite/ui/components/foundation/form/select"
                        fieldLabel="Country"
                        name="./countryname"
                        required="{Boolean}true">
                        <items jcr:primaryType="nt:unstructured">
                            <usa
                                jcr:primaryType="nt:unstructured"
                                text="United States"
                                value="Country - United States"/>
                            <india
                                jcr:primaryType="nt:unstructured"
                                text="India"
                                value="Country - India"/>
                            <china
                                jcr:primaryType="nt:unstructured"
                                text="China"
                                value="Country - China"/>
                        </items>
                    </type>
                    <tax-rate
                        jcr:primaryType="nt:unstructured"
                        sling:resourceType="granite/ui/components/coral/foundation/form/textfield"
                        fieldLabel="Capital Gains Tax Rate"
                        name="./capitalgaintaxrate"/>
                    <tax-details
                        jcr:primaryType="nt:unstructured"
                        sling:resourceType="cq/gui/components/authoring/dialog/richtext"
                        fieldLabel="Capital Gains Tax Details"
                        name="./taxdetails"
                        removeSingleParagraphContainer="{Boolean}true"
                        useFixedInlineToolbar="{Boolean}true">
                        <rtePlugins jcr:primaryType="nt:unstructured">
                            <format
                                jcr:primaryType="nt:unstructured"
                                features="*"/>
                            <justify
                                jcr:primaryType="nt:unstructured"
                                features="*"/>
                            <lists
                                jcr:primaryType="nt:unstructured"
                                features="*"/>
                            <links
                                jcr:primaryType="nt:unstructured"
                                features="*"/>
                            <table
                                jcr:primaryType="nt:unstructured"
                                features="[\0]">
                                <hiddenHeaderConfig
                                    jcr:primaryType="nt:unstructured"
                                    hiddenHeaderClassName="cq-wcm-foundation-aria-visuallyhidden"
                                    hiddenHeaderEditingCSS="coral-RichText-hiddenHeader--editing"/>
                            </table>
                        </rtePlugins>
                        <uiSettings jcr:primaryType="nt:unstructured">
                            <cui jcr:primaryType="nt:unstructured">
                                <inline
                                    jcr:primaryType="nt:unstructured"
                                    toolbar="[format#bold,format#italic,format#underline,#paraformat,image#imageProps,#justify,#lists,links#modifylink,links#unlink]">
                                    <popovers jcr:primaryType="nt:unstructured">
                                        <justify
                                            jcr:primaryType="nt:unstructured"
                                            items="[justify#justifyleft,justify#justifycenter,justify#justifyright]"
                                            ref="justify"/>
                                        <lists
                                            jcr:primaryType="nt:unstructured"
                                            items="[lists#unordered,lists#ordered,lists#outdent,lists#indent]"
                                            ref="lists"/>
                                        <paraformat
                                            jcr:primaryType="nt:unstructured"
                                            items="paraformat:getFormats:paraformat-pulldown"
                                            ref="paraformat"/>
                                        <subsuperscript
                                            jcr:primaryType="nt:unstructured"
                                            items="[subsuperscript#subscript,subsuperscript#superscript]"
                                            ref="subsuperscript"/>
                                    </popovers>
                                </inline>
                                <fullscreen
                                    jcr:primaryType="nt:unstructured"
                                    toolbar="[format#bold,format#italic,format#underline,subsuperscript#subscript,subsuperscript#superscript,-,links#modifylink,links#unlink,links#anchor,tracklinks#modifylinktracking,-,justify#justifyleft,justify#justifycenter,justify#justifyright,-,image#imageProps,-,lists#unordered,lists#ordered,lists#outdent,lists#indent,-,misctools#sourceedit,fullscreen#finish]">
                                    <popovers jcr:primaryType="nt:unstructured">
                                        <styles
                                            jcr:primaryType="nt:unstructured"
                                            items="styles:getStyles:styles-pulldown"
                                            ref="styles"/>
                                        <paraformat
                                            jcr:primaryType="nt:unstructured"
                                            items="paraformat:getFormats:paraformat-pulldown"
                                            ref="paraformat"/>
                                    </popovers>
                                </fullscreen>
                            </cui>
                        </uiSettings>
                    </tax-details>
                </items>
            </column>
        </items>
    </content>
</jcr:root>
