<?xml version="1.0" encoding="UTF-8"?>
<jcr:root xmlns:sling="http://sling.apache.org/jcr/sling/1.0" xmlns:cq="http://www.day.com/jcr/cq/1.0" xmlns:jcr="http://www.jcp.org/jcr/1.0" xmlns:mix="http://www.jcp.org/jcr/mix/1.0" xmlns:nt="http://www.jcp.org/jcr/nt/1.0"
    jcr:primaryType="cq:Page">
    <jcr:content
        cq:lastModified="{Date}2019-07-08T20:15:09.119-05:00"
        cq:lastModifiedBy="digitalauthor1"
        cq:lastReplicated="{Date}2019-07-15T15:44:56.323-05:00"
        cq:lastReplicatedBy="digital-integration-user"
        cq:lastReplicationAction="Activate"
        cq:template="/conf/JPMCDemo/settings/wcm/templates/content-page"
        jcr:isCheckedOut="{Boolean}true"
        jcr:mixinTypes="[mix:versionable]"
        jcr:primaryType="cq:PageContent"
        jcr:title="Demo-1"
        jcr:uuid="273a8f64-e23a-4447-b5f0-1f7fd96ac9b5"
        sling:resourceType="JPMCDemo/components/structure/contentpage">
        <root
            jcr:lastModified="{Date}2019-07-07T23:39:06.382-04:00"
            jcr:lastModifiedBy="admin"
            jcr:primaryType="nt:unstructured"
            sling:resourceType="wcm/foundation/components/responsivegrid">
            <responsivegrid
                jcr:created="{Date}2019-07-08T00:10:49.546-04:00"
                jcr:createdBy="admin"
                jcr:lastModified="{Date}2019-07-08T00:10:57.823-04:00"
                jcr:lastModifiedBy="admin"
                jcr:primaryType="nt:unstructured"
                sling:resourceType="wcm/foundation/components/responsivegrid">
                <component-a
                    jcr:created="{Date}2019-07-08T00:11:15.653-04:00"
                    jcr:createdBy="admin"
                    jcr:lastModified="{Date}2019-07-08T12:11:56.046-05:00"
                    jcr:lastModifiedBy="admin"
                    jcr:primaryType="nt:unstructured"
                    sling:resourceType="cq/experience-fragments/editor/components/experiencefragment"
                    fragmentPath="/content/experience-fragments/lob_a/component-a/component-a">
                    <cq:responsive jcr:primaryType="nt:unstructured">
                        <default
                            jcr:primaryType="nt:unstructured"
                            width="6"/>
                    </cq:responsive>
                </component-a>
                <component-b
                    jcr:created="{Date}2019-07-08T00:11:18.486-04:00"
                    jcr:createdBy="admin"
                    jcr:lastModified="{Date}2019-07-08T20:15:09.115-05:00"
                    jcr:lastModifiedBy="digitalauthor1"
                    jcr:primaryType="nt:unstructured"
                    sling:resourceType="cq/experience-fragments/editor/components/experiencefragment"
                    fragmentPath="/content/experience-fragments/lob_b/component-b/component-b">
                    <cq:responsive jcr:primaryType="nt:unstructured">
                        <default
                            jcr:primaryType="nt:unstructured"
                            width="6"/>
                    </cq:responsive>
                </component-b>
                <component-c
                    jcr:created="{Date}2019-07-08T00:11:20.687-04:00"
                    jcr:createdBy="admin"
                    jcr:lastModified="{Date}2019-07-08T12:12:11.380-05:00"
                    jcr:lastModifiedBy="admin"
                    jcr:primaryType="nt:unstructured"
                    sling:resourceType="cq/experience-fragments/editor/components/experiencefragment"
                    fragmentPath="/content/experience-fragments/lob_c/component-c/component-c">
                    <cq:responsive jcr:primaryType="nt:unstructured">
                        <default
                            jcr:primaryType="nt:unstructured"
                            width="6"/>
                    </cq:responsive>
                </component-c>
                <component-d
                    jcr:created="{Date}2019-07-08T00:11:22.877-04:00"
                    jcr:createdBy="admin"
                    jcr:lastModified="{Date}2019-07-08T12:12:18.457-05:00"
                    jcr:lastModifiedBy="admin"
                    jcr:primaryType="nt:unstructured"
                    sling:resourceType="cq/experience-fragments/editor/components/experiencefragment"
                    fragmentPath="/content/experience-fragments/lob_d/component-d/component-d">
                    <cq:responsive jcr:primaryType="nt:unstructured">
                        <default
                            jcr:primaryType="nt:unstructured"
                            width="6"/>
                    </cq:responsive>
                </component-d>
                <component-e
                    jcr:created="{Date}2019-07-08T00:12:03.248-04:00"
                    jcr:createdBy="admin"
                    jcr:lastModified="{Date}2019-07-08T12:12:28.171-05:00"
                    jcr:lastModifiedBy="admin"
                    jcr:primaryType="nt:unstructured"
                    sling:resourceType="cq/experience-fragments/editor/components/experiencefragment"
                    fragmentPath="/content/experience-fragments/lob_e/component-e/component-e">
                    <cq:responsive jcr:primaryType="nt:unstructured">
                        <default
                            jcr:primaryType="nt:unstructured"
                            width="6"/>
                    </cq:responsive>
                </component-e>
                <component-f
                    jcr:created="{Date}2019-07-08T00:12:05.879-04:00"
                    jcr:createdBy="admin"
                    jcr:lastModified="{Date}2019-07-08T12:12:36.355-05:00"
                    jcr:lastModifiedBy="admin"
                    jcr:primaryType="nt:unstructured"
                    sling:resourceType="cq/experience-fragments/editor/components/experiencefragment"
                    fragmentPath="/content/experience-fragments/lob_f/component-f/component-f">
                    <cq:responsive jcr:primaryType="nt:unstructured">
                        <default
                            jcr:primaryType="nt:unstructured"
                            width="6"/>
                    </cq:responsive>
                </component-f>
            </responsivegrid>
        </root>
    </jcr:content>
</jcr:root>
