<?xml version="1.0" encoding="UTF-8"?>
<jcr:root xmlns:sling="http://sling.apache.org/jcr/sling/1.0" xmlns:cq="http://www.day.com/jcr/cq/1.0" xmlns:jcr="http://www.jcp.org/jcr/1.0" xmlns:nt="http://www.jcp.org/jcr/nt/1.0"
    jcr:primaryType="nt:unstructured"
    jcr:title="Title"
    sling:resourceType="cq/gui/components/authoring/dialog"
    helpPath="https://www.adobe.com/go/aem6_3_docs_component_en#Title - HTL">
    <content
        jcr:primaryType="nt:unstructured"
        sling:resourceType="granite/ui/components/foundation/container">
        <layout
            jcr:primaryType="nt:unstructured"
            sling:resourceType="granite/ui/components/foundation/layouts/fixedcolumns"
            margin="{Boolean}false"/>
        <items jcr:primaryType="nt:unstructured">
            <column
                jcr:primaryType="nt:unstructured"
                sling:resourceType="granite/ui/components/foundation/container">
                <items jcr:primaryType="nt:unstructured">
                    <type
                        jcr:primaryType="nt:unstructured"
                        sling:resourceType="granite/ui/components/foundation/form/select"
                        fieldLabel="Country"
                        name="./countryname">
                        <items jcr:primaryType="nt:unstructured">
                            <def
                                jcr:primaryType="nt:unstructured"
                                text="(default)"
                                value="Please Select a Country"/>
                            <usa
                                jcr:primaryType="nt:unstructured"
                                text="United States"
                                value="Country - United States"/>
                            <india
                                jcr:primaryType="nt:unstructured"
                                text="India"
                                value="Country - India"/>
                            <china
                                jcr:primaryType="nt:unstructured"
                                text="China"
                                value="Country - China"/>
                        </items>
                    </type>
                </items>
            </column>
        </items>
    </content>
</jcr:root>
