<?xml version="1.0" encoding="UTF-8"?>
<jcr:root xmlns:sling="http://sling.apache.org/jcr/sling/1.0" xmlns:cq="http://www.day.com/jcr/cq/1.0" xmlns:jcr="http://www.jcp.org/jcr/1.0" xmlns:nt="http://www.jcp.org/jcr/nt/1.0"
    jcr:primaryType="cq:Page">
    <jcr:content
        cq:lastModified="{Date}2019-07-08T11:11:10.005-05:00"
        cq:lastModifiedBy="admin"
        cq:template="/conf/JPMCDemo/settings/wcm/templates/content-page"
        jcr:primaryType="cq:PageContent"
        jcr:title="Demo"
        sling:resourceType="JPMCDemo/components/structure/contentpage">
        <root
            jcr:lastModified="{Date}2019-07-07T23:39:06.382-04:00"
            jcr:lastModifiedBy="admin"
            jcr:primaryType="nt:unstructured"
            sling:resourceType="wcm/foundation/components/responsivegrid">
            <responsivegrid
                jcr:created="{Date}2019-07-08T00:10:49.546-04:00"
                jcr:createdBy="admin"
                jcr:lastModified="{Date}2019-07-08T00:10:57.823-04:00"
                jcr:lastModifiedBy="admin"
                jcr:primaryType="nt:unstructured"
                sling:resourceType="wcm/foundation/components/responsivegrid">
                <experiencefragment
                    jcr:created="{Date}2019-07-08T00:11:15.653-04:00"
                    jcr:createdBy="admin"
                    jcr:lastModified="{Date}2019-07-08T11:10:22.247-05:00"
                    jcr:lastModifiedBy="admin"
                    jcr:primaryType="nt:unstructured"
                    sling:resourceType="cq/experience-fragments/editor/components/experiencefragment"
                    fragmentPath="/content/experience-fragments/lob_a/component-a/component-a">
                    <cq:responsive jcr:primaryType="nt:unstructured">
                        <default
                            jcr:primaryType="nt:unstructured"
                            width="6"/>
                    </cq:responsive>
                </experiencefragment>
                <experiencefragment_1340347190
                    jcr:created="{Date}2019-07-08T00:11:18.486-04:00"
                    jcr:createdBy="admin"
                    jcr:lastModified="{Date}2019-07-08T11:10:30.201-05:00"
                    jcr:lastModifiedBy="admin"
                    jcr:primaryType="nt:unstructured"
                    sling:resourceType="cq/experience-fragments/editor/components/experiencefragment"
                    fragmentPath="/content/experience-fragments/lob_b/component-b/component-b">
                    <cq:responsive jcr:primaryType="nt:unstructured">
                        <default
                            jcr:primaryType="nt:unstructured"
                            width="6"/>
                    </cq:responsive>
                </experiencefragment_1340347190>
                <experiencefragment_1816653660
                    jcr:created="{Date}2019-07-08T00:11:20.687-04:00"
                    jcr:createdBy="admin"
                    jcr:lastModified="{Date}2019-07-08T11:10:37.990-05:00"
                    jcr:lastModifiedBy="admin"
                    jcr:primaryType="nt:unstructured"
                    sling:resourceType="cq/experience-fragments/editor/components/experiencefragment"
                    fragmentPath="/content/experience-fragments/lob_c/component-c/component-c">
                    <cq:responsive jcr:primaryType="nt:unstructured">
                        <default
                            jcr:primaryType="nt:unstructured"
                            width="6"/>
                    </cq:responsive>
                </experiencefragment_1816653660>
                <experiencefragment_1589473061
                    jcr:created="{Date}2019-07-08T00:11:22.877-04:00"
                    jcr:createdBy="admin"
                    jcr:lastModified="{Date}2019-07-08T11:10:46.356-05:00"
                    jcr:lastModifiedBy="admin"
                    jcr:primaryType="nt:unstructured"
                    sling:resourceType="cq/experience-fragments/editor/components/experiencefragment"
                    fragmentPath="/content/experience-fragments/lob_d/component-d/component-d">
                    <cq:responsive jcr:primaryType="nt:unstructured">
                        <default
                            jcr:primaryType="nt:unstructured"
                            width="6"/>
                    </cq:responsive>
                </experiencefragment_1589473061>
                <experiencefragment_194810608
                    jcr:created="{Date}2019-07-08T00:12:03.248-04:00"
                    jcr:createdBy="admin"
                    jcr:lastModified="{Date}2019-07-08T11:10:57.638-05:00"
                    jcr:lastModifiedBy="admin"
                    jcr:primaryType="nt:unstructured"
                    sling:resourceType="cq/experience-fragments/editor/components/experiencefragment"
                    fragmentPath="/content/experience-fragments/lob_e/component-e/component-e">
                    <cq:responsive jcr:primaryType="nt:unstructured">
                        <default
                            jcr:primaryType="nt:unstructured"
                            width="6"/>
                    </cq:responsive>
                </experiencefragment_194810608>
                <experiencefragment_480562006
                    jcr:created="{Date}2019-07-08T00:12:05.879-04:00"
                    jcr:createdBy="admin"
                    jcr:lastModified="{Date}2019-07-08T11:11:10.003-05:00"
                    jcr:lastModifiedBy="admin"
                    jcr:primaryType="nt:unstructured"
                    sling:resourceType="cq/experience-fragments/editor/components/experiencefragment"
                    fragmentPath="/content/experience-fragments/lob_f/component-f/component-f">
                    <cq:responsive jcr:primaryType="nt:unstructured">
                        <default
                            jcr:primaryType="nt:unstructured"
                            width="6"/>
                    </cq:responsive>
                </experiencefragment_480562006>
            </responsivegrid>
        </root>
    </jcr:content>
</jcr:root>
