<?xml version="1.0" encoding="UTF-8"?>
<jcr:root xmlns:sling="http://sling.apache.org/jcr/sling/1.0" xmlns:cq="http://www.day.com/jcr/cq/1.0" xmlns:jcr="http://www.jcp.org/jcr/1.0" xmlns:nt="http://www.jcp.org/jcr/nt/1.0"
    jcr:isCheckedOut="{Boolean}false"
    jcr:primaryType="cq:WorkflowModel"
    jcr:uuid="a93dce61-3d05-48bb-a63f-e9e2e8d6a488"
    sling:resourceType="cq/workflow/components/model"
    description="No Description"
    title=" JPMCDemo - Content Approval Workflow ">
    <metaData
        cq:lastModified="{Long}1562570085092"
        cq:lastModifiedBy="admin"
        jcr:primaryType="nt:unstructured"/>
    <nodes jcr:primaryType="nt:unstructured">
        <node0
            jcr:primaryType="cq:WorkflowNode"
            title="Start"
            type="START">
            <metaData jcr:primaryType="nt:unstructured"/>
        </node0>
        <node1
            jcr:primaryType="cq:WorkflowNode"
            description="Please review the content"
            title="Content Approval Step"
            type="DYNAMIC_PARTICIPANT">
            <metaData
                jcr:primaryType="nt:unstructured"
                DYNAMIC_PARTICIPANT="com.jpmc.demo.core.workflow.DemoParticipantStepChooser"
                PROCESS_ARGS="group"/>
        </node1>
        <node2
            jcr:primaryType="cq:WorkflowNode"
            title="OR_SPLIT"
            type="OR_SPLIT">
            <metaData jcr:primaryType="nt:unstructured"/>
        </node2>
        <node3
            jcr:primaryType="cq:WorkflowNode"
            title="OR_JOIN"
            type="OR_JOIN">
            <metaData jcr:primaryType="nt:unstructured"/>
        </node3>
        <node4
            jcr:primaryType="cq:WorkflowNode"
            description="Content is approved"
            title="Approve"
            type="PROCESS">
            <metaData
                jcr:primaryType="nt:unstructured"
                PROCESS="com.adobe.granite.workflow.core.process.GotoProcess"
                PROCESS_AUTO_ADVANCE="false"
                script="function check() {&#xa;&#x9;return true;&#xa;}"
                TARGET_NODE_ID="node5"
                TARGET_NODE_PATH="/etc/workflow/models/-jpmcdemo-contentapprovalworkflow/jcr:content/flow/or/1/process"/>
        </node4>
        <node5
            jcr:primaryType="cq:WorkflowNode"
            title="Create Version"
            type="PROCESS">
            <metaData
                jcr:primaryType="nt:unstructured"
                PROCESS="com.day.cq.wcm.workflow.process.CreateVersionProcess"
                PROCESS_AUTO_ADVANCE="true"/>
        </node5>
        <node6
            jcr:primaryType="cq:WorkflowNode"
            title="Activate Page"
            type="PROCESS">
            <metaData
                jcr:primaryType="nt:unstructured"
                PROCESS="com.day.cq.wcm.workflow.process.ActivatePageProcess"
                PROCESS_AUTO_ADVANCE="true"/>
        </node6>
        <node7
            jcr:primaryType="cq:WorkflowNode"
            description="Goto Step"
            title="Goto Step"
            type="PROCESS">
            <metaData
                jcr:primaryType="nt:unstructured"
                PROCESS="com.adobe.granite.workflow.core.process.GotoProcess"
                PROCESS_AUTO_ADVANCE="false"/>
        </node7>
        <node8
            jcr:primaryType="cq:WorkflowNode"
            description="Content is rejected"
            title="Reject"
            type="PROCESS">
            <metaData
                jcr:primaryType="nt:unstructured"
                PROCESS="com.adobe.granite.workflow.core.process.GotoProcess"
                PROCESS_AUTO_ADVANCE="false"
                script="function check() {&#xa;&#x9;return true;&#xa;}"
                TARGET_NODE_ID="node9"
                TARGET_NODE_PATH="/etc/workflow/models/-jpmcdemo-contentapprovalworkflow/jcr:content/flow/or/2/dynamic_participant"/>
        </node8>
        <node9
            jcr:primaryType="cq:WorkflowNode"
            title="Edit &amp; Re-submit for Content Approval"
            type="DYNAMIC_PARTICIPANT">
            <metaData
                jcr:primaryType="nt:unstructured"
                DYNAMIC_PARTICIPANT="com.jpmc.demo.core.workflow.DemoParticipantStepChooser"
                PROCESS_ARGS="initiator"/>
        </node9>
        <node10
            jcr:primaryType="cq:WorkflowNode"
            description="Reassign for Approval"
            title="Reassign for Approval"
            type="PROCESS">
            <metaData
                jcr:primaryType="nt:unstructured"
                PROCESS="com.adobe.granite.workflow.core.process.GotoProcess"
                PROCESS_AUTO_ADVANCE="false"
                script="function check() {&#xa;&#x9;return true;&#xa;}"
                TARGET_NODE_ID="node1"
                TARGET_NODE_PATH="/etc/workflow/models/-jpmcdemo-contentapprovalworkflow/jcr:content/flow/dynamic_participant"/>
        </node10>
        <node11
            jcr:primaryType="cq:WorkflowNode"
            title="End"
            type="END">
            <metaData jcr:primaryType="nt:unstructured"/>
        </node11>
    </nodes>
    <transitions jcr:primaryType="nt:unstructured">
        <node0_x0023_node1
            jcr:primaryType="cq:WorkflowTransition"
            from="node0"
            rule=""
            to="node1">
            <metaData jcr:primaryType="nt:unstructured"/>
        </node0_x0023_node1>
        <node1_x0023_node2
            jcr:primaryType="cq:WorkflowTransition"
            from="node1"
            to="node2">
            <metaData jcr:primaryType="nt:unstructured"/>
        </node1_x0023_node2>
        <node2_x0023_node4
            jcr:primaryType="cq:WorkflowTransition"
            from="node2"
            rule=""
            to="node4">
            <metaData
                jcr:primaryType="nt:unstructured"
                isDefault="false"/>
        </node2_x0023_node4>
        <node4_x0023_node5
            jcr:primaryType="cq:WorkflowTransition"
            from="node4"
            rule=""
            to="node5">
            <metaData jcr:primaryType="nt:unstructured"/>
        </node4_x0023_node5>
        <node5_x0023_node6
            jcr:primaryType="cq:WorkflowTransition"
            from="node5"
            rule=""
            to="node6">
            <metaData jcr:primaryType="nt:unstructured"/>
        </node5_x0023_node6>
        <node6_x0023_node7
            jcr:primaryType="cq:WorkflowTransition"
            from="node6"
            rule=""
            to="node7">
            <metaData jcr:primaryType="nt:unstructured"/>
        </node6_x0023_node7>
        <node7_x0023_node3
            jcr:primaryType="cq:WorkflowTransition"
            from="node7"
            to="node3">
            <metaData jcr:primaryType="nt:unstructured"/>
        </node7_x0023_node3>
        <node2_x0023_node8
            jcr:primaryType="cq:WorkflowTransition"
            from="node2"
            rule=""
            to="node8">
            <metaData
                jcr:primaryType="nt:unstructured"
                isDefault="false"/>
        </node2_x0023_node8>
        <node8_x0023_node9
            jcr:primaryType="cq:WorkflowTransition"
            from="node8"
            rule=""
            to="node9">
            <metaData jcr:primaryType="nt:unstructured"/>
        </node8_x0023_node9>
        <node9_x0023_node10
            jcr:primaryType="cq:WorkflowTransition"
            from="node9"
            rule=""
            to="node10">
            <metaData jcr:primaryType="nt:unstructured"/>
        </node9_x0023_node10>
        <node10_x0023_node3
            jcr:primaryType="cq:WorkflowTransition"
            from="node10"
            to="node3">
            <metaData jcr:primaryType="nt:unstructured"/>
        </node10_x0023_node3>
        <node3_x0023_node11
            jcr:primaryType="cq:WorkflowTransition"
            from="node3"
            to="node11">
            <metaData jcr:primaryType="nt:unstructured"/>
        </node3_x0023_node11>
    </transitions>
</jcr:root>
